id1,id2,weight
2602,2618,1
2603,2618,1
2604,2618,1
2605,2618,1
2606,2618,1
2607,2618,1
2608,2618,1
2609,2618,1
2610,2618,1
2611,2618,1
2612,2618,1
2613,2618,1
2614,2618,1
2615,2618,1
2616,2618,1
2617,2618,1
2314,2602,1
2315,2602,1
2316,2602,1
2317,2602,1
2318,2602,1
2319,2602,1
2320,2602,1
2321,2602,1
2322,2602,1
2323,2602,1
2324,2602,1
2325,2602,1
2326,2602,1
2327,2602,1
2328,2602,1
2329,2602,1
2330,2602,1
2331,2602,1
2332,2602,1
2333,2602,1
2334,2602,1
2335,2602,1
2336,2602,1
2337,2602,1
2338,2602,1
2339,2602,1
2340,2602,1
2341,2602,1
2342,2602,1
2343,2602,1
2344,2602,1
2345,2602,1
2346,2602,1
2347,2602,1
2348,2602,1
2349,2602,1
2350,2602,1
2351,2602,1
2352,2602,1
2353,2602,1
2354,2602,1
0,2314,1
17,2314,1
38,2314,1
42,2314,1
45,2314,1
52,2314,1
67,2314,1
96,2314,1
98,2314,1
107,2314,1
114,2314,1
117,2314,1
120,2314,1
122,2314,1
127,2314,1
149,2314,1
152,2314,1
157,2314,1
163,2314,1
166,2314,1
167,2314,1
170,2314,1
181,2314,1
194,2314,1
197,2314,1
204,2314,1
221,2314,1
228,2314,1
230,2314,1
242,2314,1
266,2314,1
277,2314,1
297,2314,1
307,2314,1
309,2314,1
328,2314,1
336,2314,1
337,2314,1
339,2314,1
340,2314,1
349,2314,1
371,2314,1
378,2314,1
394,2314,1
402,2314,1
420,2314,1
424,2314,1
428,2314,1
448,2314,1
451,2314,1
457,2314,1
474,2314,1
485,2314,1
488,2314,1
489,2314,1
507,2314,1
508,2314,1
552,2314,1
560,2314,1
573,2314,1
574,2314,1
582,2314,1
625,2314,1
628,2314,1
634,2314,1
646,2314,1
657,2314,1
664,2314,1
697,2314,1
700,2314,1
713,2314,1
717,2314,1
771,2314,1
795,2314,1
799,2314,1
806,2314,1
817,2314,1
838,2314,1
844,2314,1
856,2314,1
870,2314,1
891,2314,1
895,2314,1
905,2314,1
911,2314,1
925,2314,1
929,2314,1
940,2314,1
946,2314,1
957,2314,1
962,2314,1
964,2314,1
967,2314,1
979,2314,1
995,2314,1
1018,2314,1
1025,2314,1
1034,2314,1
1052,2314,1
1066,2314,1
1077,2314,1
1081,2314,1
1082,2314,1
1089,2314,1
1100,2314,1
1108,2314,1
1110,2314,1
1124,2314,1
1127,2314,1
1132,2314,1
1135,2314,1
1142,2314,1
1147,2314,1
1155,2314,1
1179,2314,1
1184,2314,1
1188,2314,1
1191,2314,1
1193,2314,1
1196,2314,1
1200,2314,1
1203,2314,1
1227,2314,1
1228,2314,1
1236,2314,1
1238,2314,1
1240,2314,1
1249,2314,1
1258,2314,1
1264,2314,1
1267,2314,1
1285,2314,1
1287,2314,1
1294,2314,1
1296,2314,1
1314,2314,1
1315,2314,1
1320,2314,1
1339,2314,1
1343,2314,1
1347,2314,1
1350,2314,1
1352,2314,1
1377,2314,1
1380,2314,1
1382,2314,1
1383,2314,1
1396,2314,1
1403,2314,1
1409,2314,1
1413,2314,1
1418,2314,1
1437,2314,1
1442,2314,1
1446,2314,1
1453,2314,1
1454,2314,1
1462,2314,1
1469,2314,1
1478,2314,1
1507,2314,1
1508,2314,1
1523,2314,1
1526,2314,1
1533,2314,1
1537,2314,1
1544,2314,1
1553,2314,1
1583,2314,1
1590,2314,1
1592,2314,1
1593,2314,1
1597,2314,1
1598,2314,1
1603,2314,1
1605,2314,1
1611,2314,1
1617,2314,1
1618,2314,1
1637,2314,1
1648,2314,1
1657,2314,1
1666,2314,1
1667,2314,1
1687,2314,1
1706,2314,1
1711,2314,1
1712,2314,1
1713,2314,1
1715,2314,1
1721,2314,1
1722,2314,1
1730,2314,1
1748,2314,1
1759,2314,1
1774,2314,1
1792,2314,1
1795,2314,1
1798,2314,1
1817,2314,1
1820,2314,1
1821,2314,1
1831,2314,1
1839,2314,1
1847,2314,1
1856,2314,1
1862,2314,1
1863,2314,1
1866,2314,1
1876,2314,1
1899,2314,1
1903,2314,1
1906,2314,1
1915,2314,1
1938,2314,1
1944,2314,1
1948,2314,1
1953,2314,1
1971,2314,1
1979,2314,1
1982,2314,1
2002,2314,1
2003,2314,1
2007,2314,1
2010,2314,1
2027,2314,1
2042,2314,1
2045,2314,1
2054,2314,1
2062,2314,1
2092,2314,1
2100,2314,1
2120,2314,1
2138,2314,1
2153,2314,1
2174,2314,1
2179,2314,1
2189,2314,1
2231,2314,1
2244,2314,1
2279,2314,1
2284,2314,1
2288,2314,1
2292,2314,1
2303,2314,1
6,2315,1
81,2315,1
217,2315,1
680,2315,1
1101,2315,1
2257,2315,1
2295,2315,1
29,2316,1
69,2316,1
143,2316,1
177,2316,1
271,2316,1
1028,2316,1
1047,2316,1
1392,2316,1
1653,2316,1
1973,2316,1
30,2317,1
436,2317,1
618,2317,1
740,2317,1
834,2317,1
1210,2317,1
1232,2317,1
2021,2317,1
2143,2317,1
35,2318,1
357,2318,1
400,2318,1
483,2318,1
495,2318,1
678,2318,1
745,2318,1
899,2318,1
987,2318,1
1033,2318,1
1214,2318,1
1256,2318,1
1366,2318,1
1375,2318,1
1609,2318,1
1697,2318,1
2219,2318,1
54,2319,1
989,2319,1
1183,2319,1
1499,2319,1
1696,2319,1
1723,2319,1
57,2320,1
261,2320,1
292,2320,1
626,2320,1
627,2320,1
696,2320,1
882,2320,1
914,2320,1
1241,2320,1
1415,2320,1
1552,2320,1
1594,2320,1
1652,2320,1
1695,2320,1
1737,2320,1
1827,2320,1
2029,2320,1
2065,2320,1
2103,2320,1
75,2321,1
1244,2321,1
1477,2321,1
144,2322,1
859,2322,1
1757,2322,1
150,2323,1
600,2323,1
650,2323,1
857,2323,1
1291,2323,1
1528,2323,1
1586,2323,1
1760,2323,1
178,2324,1
377,2324,1
1556,2324,1
1679,2324,1
1734,2324,1
1848,2324,1
2166,2324,1
184,2325,1
302,2325,1
1273,2325,1
1432,2325,1
1893,2325,1
2154,2325,1
2240,2325,1
218,2326,1
1279,2326,1
1614,2326,1
1692,2326,1
333,2327,1
398,2327,1
867,2327,1
1115,2327,1
1231,2327,1
1487,2327,1
1535,2327,1
1931,2327,1
367,2328,1
1084,2328,1
1158,2328,1
1208,2328,1
1554,2328,1
1623,2328,1
1726,2328,1
384,2329,1
757,2329,1
1935,2329,1
393,2330,1
1371,2330,1
1663,2330,1
1986,2330,1
2053,2330,1
486,2331,1
561,2332,1
583,2333,1
749,2333,1
783,2333,1
889,2333,1
1026,2333,1
1575,2333,1
1934,2333,1
1939,2333,1
595,2334,1
1758,2334,1
2078,2334,1
2218,2334,1
2298,2334,1
598,2335,1
612,2336,1
842,2336,1
999,2336,1
1801,2336,1
621,2337,1
622,2338,1
854,2338,1
1833,2338,1
653,2339,1
671,2340,1
2294,2340,1
790,2341,1
2005,2341,1
828,2342,1
933,2342,1
1321,2342,1
1387,2342,1
1473,2342,1
1802,2342,1
921,2343,1
1198,2343,1
1288,2343,1
1308,2343,1
2200,2343,1
973,2344,1
1740,2344,1
974,2345,1
1180,2346,1
1510,2346,1
2156,2346,1
2254,2346,1
1307,2347,1
1317,2348,1
1351,2349,1
1662,2350,1
2019,2350,1
2108,2350,1
1683,2351,1
2081,2351,1
1732,2352,1
2115,2352,1
1890,2353,1
2012,2354,1
2355,2603,1
2356,2603,1
2357,2603,1
2358,2603,1
2359,2603,1
2360,2603,1
2361,2603,1
2362,2603,1
2363,2603,1
2364,2603,1
2365,2603,1
2366,2603,1
2367,2603,1
2368,2603,1
2369,2603,1
2370,2603,1
2371,2603,1
2372,2603,1
2373,2603,1
2374,2603,1
2375,2603,1
2376,2603,1
2377,2603,1
2378,2603,1
2379,2603,1
2380,2603,1
2381,2603,1
2382,2603,1
2383,2603,1
2384,2603,1
2385,2603,1
2386,2603,1
2387,2603,1
2388,2603,1
2389,2603,1
2390,2603,1
2391,2603,1
2392,2603,1
1,2355,1
172,2355,1
755,2355,1
1029,2355,1
1229,2355,1
1761,2355,1
1772,2355,1
1824,2355,1
2077,2355,1
2228,2355,1
3,2356,1
18,2356,1
46,2356,1
48,2356,1
50,2356,1
65,2356,1
73,2356,1
78,2356,1
94,2356,1
141,2356,1
171,2356,1
175,2356,1
179,2356,1
187,2356,1
209,2356,1
243,2356,1
300,2356,1
301,2356,1
304,2356,1
313,2356,1
317,2356,1
365,2356,1
376,2356,1
382,2356,1
386,2356,1
389,2356,1
399,2356,1
403,2356,1
423,2356,1
429,2356,1
438,2356,1
439,2356,1
445,2356,1
449,2356,1
470,2356,1
476,2356,1
480,2356,1
496,2356,1
518,2356,1
547,2356,1
548,2356,1
553,2356,1
570,2356,1
588,2356,1
633,2356,1
642,2356,1
647,2356,1
655,2356,1
660,2356,1
677,2356,1
687,2356,1
714,2356,1
747,2356,1
762,2356,1
763,2356,1
764,2356,1
772,2356,1
778,2356,1
818,2356,1
836,2356,1
852,2356,1
881,2356,1
886,2356,1
906,2356,1
907,2356,1
920,2356,1
922,2356,1
948,2356,1
950,2356,1
997,2356,1
1005,2356,1
1006,2356,1
1019,2356,1
1035,2356,1
1054,2356,1
1067,2356,1
1076,2356,1
1083,2356,1
1085,2356,1
1092,2356,1
1097,2356,1
1143,2356,1
1144,2356,1
1152,2356,1
1160,2356,1
1182,2356,1
1197,2356,1
1243,2356,1
1271,2356,1
1275,2356,1
1283,2356,1
1290,2356,1
1297,2356,1
1302,2356,1
1346,2356,1
1356,2356,1
1365,2356,1
1376,2356,1
1379,2356,1
1381,2356,1
1407,2356,1
1431,2356,1
1433,2356,1
1436,2356,1
1441,2356,1
1449,2356,1
1451,2356,1
1459,2356,1
1461,2356,1
1468,2356,1
1476,2356,1
1494,2356,1
1500,2356,1
1509,2356,1
1515,2356,1
1545,2356,1
1561,2356,1
1562,2356,1
1568,2356,1
1572,2356,1
1573,2356,1
1587,2356,1
1599,2356,1
1636,2356,1
1641,2356,1
1643,2356,1
1651,2356,1
1660,2356,1
1698,2356,1
1733,2356,1
1735,2356,1
1744,2356,1
1745,2356,1
1756,2356,1
1768,2356,1
1783,2356,1
1794,2356,1
1814,2356,1
1830,2356,1
1881,2356,1
1896,2356,1
1951,2356,1
1954,2356,1
1955,2356,1
1972,2356,1
1975,2356,1
1980,2356,1
1988,2356,1
2084,2356,1
2102,2356,1
2116,2356,1
2129,2356,1
2150,2356,1
2155,2356,1
2157,2356,1
2167,2356,1
2176,2356,1
2198,2356,1
2214,2356,1
2232,2356,1
2235,2356,1
2248,2356,1
2260,2356,1
2264,2356,1
2286,2356,1
2304,2356,1
2308,2356,1
2312,2356,1
8,2357,1
32,2357,1
1337,2357,1
1362,2357,1
1532,2357,1
1719,2357,1
20,2358,1
33,2358,1
71,2358,1
103,2358,1
942,2358,1
1305,2358,1
1548,2358,1
1728,2358,1
1807,2358,1
2041,2358,1
21,2359,1
479,2359,1
1103,2359,1
40,2360,1
160,2360,1
2038,2360,1
43,2361,1
70,2361,1
86,2361,1
158,2361,1
211,2361,1
274,2361,1
282,2361,1
350,2361,1
383,2361,1
435,2361,1
808,2361,1
850,2361,1
996,2361,1
1123,2361,1
1173,2361,1
1298,2361,1
1875,2361,1
1895,2361,1
1914,2361,1
1970,2361,1
2056,2361,1
2221,2361,1
2249,2361,1
47,2362,1
60,2362,1
288,2362,1
320,2362,1
344,2362,1
632,2362,1
791,2362,1
837,2362,1
855,2362,1
947,2362,1
965,2362,1
970,2362,1
980,2362,1
981,2362,1
1020,2362,1
1145,2362,1
1434,2362,1
1489,2362,1
1629,2362,1
1634,2362,1
1677,2362,1
1791,2362,1
1811,2362,1
1819,2362,1
1996,2362,1
2097,2362,1
2169,2362,1
2205,2362,1
2269,2362,1
49,2363,1
281,2363,1
354,2363,1
1248,2363,1
1874,2363,1
1965,2363,1
2131,2363,1
58,2364,1
444,2364,1
576,2364,1
694,2364,1
893,2364,1
1353,2364,1
1522,2364,1
1649,2364,1
64,2365,1
1940,2365,1
2109,2365,1
74,2366,1
332,2366,1
1780,2366,1
1787,2366,1
1849,2366,1
2112,2366,1
85,2367,1
741,2367,1
1546,2367,1
119,2368,1
674,2368,1
726,2368,1
931,2368,1
1117,2368,1
1336,2368,1
1701,2368,1
126,2369,1
264,2369,1
599,2369,1
1367,2369,1
1796,2369,1
1900,2369,1
2036,2369,1
2071,2369,1
2266,2369,1
191,2370,1
192,2371,1
253,2371,1
1286,2371,1
1400,2371,1
1404,2371,1
244,2372,1
494,2372,1
843,2372,1
2146,2372,1
245,2373,1
392,2373,1
468,2373,1
1293,2373,1
1322,2373,1
1622,2373,1
316,2374,1
348,2374,1
397,2374,1
811,2374,1
832,2374,1
1251,2374,1
1311,2374,1
2305,2374,1
318,2375,1
338,2376,1
949,2376,1
1069,2376,1
1212,2376,1
1215,2376,1
1405,2376,1
342,2377,1
366,2377,1
418,2377,1
792,2377,1
821,2377,1
1492,2377,1
379,2378,1
884,2378,1
2209,2378,1
437,2379,1
504,2379,1
1859,2379,1
589,2380,1
629,2381,1
631,2381,1
709,2381,1
898,2381,1
1539,2381,1
2070,2381,1
2080,2381,1
2226,2381,1
637,2382,1
730,2382,1
953,2382,1
654,2383,1
1016,2383,1
1808,2383,1
816,2384,1
1065,2384,1
841,2385,1
894,2385,1
1304,2385,1
1394,2385,1
1601,2385,1
2057,2385,1
871,2386,1
876,2386,1
1150,2386,1
1151,2386,1
1204,2386,1
1654,2386,1
1797,2386,1
1959,2386,1
2121,2386,1
958,2387,1
1023,2388,1
1326,2388,1
1665,2388,1
1024,2389,1
1806,2390,1
1949,2391,1
2201,2391,1
2197,2392,1
2393,2604,1
2394,2604,1
2395,2604,1
2396,2604,1
2397,2604,1
2398,2604,1
2399,2604,1
2400,2604,1
2401,2604,1
2402,2604,1
2403,2604,1
2404,2604,1
2405,2604,1
2406,2604,1
2407,2604,1
2408,2604,1
2409,2604,1
2410,2604,1
2411,2604,1
2412,2604,1
2413,2604,1
2414,2604,1
2415,2604,1
2416,2604,1
2417,2604,1
2418,2604,1
2419,2604,1
2420,2604,1
2421,2604,1
2422,2604,1
2423,2604,1
2424,2604,1
2425,2604,1
2426,2604,1
2427,2604,1
2428,2604,1
2429,2604,1
2430,2604,1
2431,2604,1
2432,2604,1
2433,2604,1
2434,2604,1
2,2393,1
44,2393,1
215,2393,1
315,2393,1
322,2393,1
334,2393,1
514,2393,1
743,2393,1
1118,2393,1
1747,2393,1
1784,2393,1
1928,2393,1
2114,2393,1
2119,2393,1
2194,2393,1
7,2394,1
142,2394,1
800,2394,1
975,2394,1
1096,2394,1
1187,2394,1
1234,2394,1
1429,2394,1
1518,2394,1
1591,2394,1
1766,2394,1
1777,2394,1
1917,2394,1
1918,2394,1
2309,2394,1
12,2395,1
14,2395,1
27,2395,1
51,2395,1
56,2395,1
63,2395,1
79,2395,1
91,2395,1
106,2395,1
111,2395,1
121,2395,1
123,2395,1
130,2395,1
135,2395,1
147,2395,1
154,2395,1
195,2395,1
214,2395,1
222,2395,1
226,2395,1
233,2395,1
235,2395,1
249,2395,1
258,2395,1
259,2395,1
267,2395,1
269,2395,1
276,2395,1
280,2395,1
284,2395,1
289,2395,1
299,2395,1
323,2395,1
346,2395,1
380,2395,1
385,2395,1
390,2395,1
405,2395,1
406,2395,1
409,2395,1
413,2395,1
416,2395,1
421,2395,1
459,2395,1
467,2395,1
473,2395,1
487,2395,1
497,2395,1
499,2395,1
521,2395,1
525,2395,1
530,2395,1
531,2395,1
540,2395,1
577,2395,1
579,2395,1
584,2395,1
587,2395,1
591,2395,1
602,2395,1
639,2395,1
652,2395,1
695,2395,1
705,2395,1
715,2395,1
721,2395,1
724,2395,1
732,2395,1
760,2395,1
767,2395,1
782,2395,1
813,2395,1
814,2395,1
831,2395,1
839,2395,1
848,2395,1
861,2395,1
865,2395,1
868,2395,1
873,2395,1
878,2395,1
879,2395,1
888,2395,1
892,2395,1
919,2395,1
939,2395,1
954,2395,1
977,2395,1
992,2395,1
1038,2395,1
1044,2395,1
1050,2395,1
1055,2395,1
1058,2395,1
1079,2395,1
1087,2395,1
1099,2395,1
1128,2395,1
1133,2395,1
1137,2395,1
1162,2395,1
1165,2395,1
1168,2395,1
1171,2395,1
1192,2395,1
1209,2395,1
1216,2395,1
1219,2395,1
1235,2395,1
1239,2395,1
1266,2395,1
1274,2395,1
1300,2395,1
1306,2395,1
1309,2395,1
1312,2395,1
1341,2395,1
1344,2395,1
1369,2395,1
1398,2395,1
1419,2395,1
1440,2395,1
1472,2395,1
1480,2395,1
1524,2395,1
1529,2395,1
1534,2395,1
1559,2395,1
1565,2395,1
1576,2395,1
1582,2395,1
1596,2395,1
1608,2395,1
1621,2395,1
1626,2395,1
1638,2395,1
1640,2395,1
1664,2395,1
1670,2395,1
1672,2395,1
1676,2395,1
1705,2395,1
1709,2395,1
1716,2395,1
1724,2395,1
1727,2395,1
1739,2395,1
1746,2395,1
1799,2395,1
1826,2395,1
1836,2395,1
1837,2395,1
1858,2395,1
1880,2395,1
1883,2395,1
1889,2395,1
1922,2395,1
1929,2395,1
1963,2395,1
1968,2395,1
1992,2395,1
2044,2395,1
2047,2395,1
2064,2395,1
2072,2395,1
2089,2395,1
2101,2395,1
2125,2395,1
2127,2395,1
2134,2395,1
2186,2395,1
2224,2395,1
2241,2395,1
2255,2395,1
2281,2395,1
2282,2395,1
36,2396,1
95,2396,1
156,2396,1
161,2396,1
220,2396,1
263,2396,1
278,2396,1
395,2396,1
512,2396,1
557,2396,1
575,2396,1
738,2396,1
1112,2396,1
1172,2396,1
1284,2396,1
1503,2396,1
1506,2396,1
1620,2396,1
1840,2396,1
1854,2396,1
2118,2396,1
2130,2396,1
2175,2396,1
2243,2396,1
2246,2396,1
68,2397,1
656,2397,1
918,2397,1
1426,2397,1
1486,2397,1
1585,2397,1
1850,2397,1
1860,2397,1
76,2398,1
751,2398,1
1498,2398,1
2050,2398,1
84,2399,1
237,2399,1
87,2400,1
756,2400,1
804,2400,1
1395,2400,1
1738,2400,1
1786,2400,1
1871,2400,1
2024,2400,1
100,2401,1
776,2401,1
1043,2401,1
1057,2401,1
1063,2401,1
1125,2401,1
1148,2401,1
1164,2401,1
1167,2401,1
1815,2401,1
1865,2401,1
2126,2401,1
2163,2401,1
2222,2401,1
2250,2401,1
134,2402,1
250,2402,1
549,2402,1
1094,2402,1
1245,2402,1
2168,2402,1
136,2403,1
182,2404,1
425,2404,1
519,2404,1
754,2404,1
963,2404,1
1574,2404,1
1843,2404,1
2178,2404,1
251,2405,1
500,2405,1
785,2405,1
864,2405,1
1051,2405,1
1169,2405,1
1338,2405,1
2009,2405,1
2017,2405,1
2152,2405,1
330,2406,1
759,2406,1
1031,2406,1
1205,2406,1
1330,2406,1
1460,2406,1
1668,2406,1
2275,2406,1
2302,2406,1
361,2407,1
1277,2407,1
374,2408,1
586,2408,1
613,2408,1
1226,2408,1
1447,2408,1
1753,2408,1
1952,2408,1
1987,2408,1
414,2409,1
681,2409,1
1064,2409,1
1491,2409,1
417,2410,1
482,2410,1
610,2410,1
744,2410,1
952,2410,1
1036,2410,1
1707,2410,1
1793,2410,1
1867,2410,1
2177,2410,1
2259,2410,1
2261,2410,1
442,2411,1
735,2411,1
874,2411,1
1844,2411,1
463,2412,1
567,2412,1
748,2412,1
1385,2412,1
1682,2412,1
1729,2412,1
2187,2412,1
2238,2412,1
2265,2412,1
501,2413,1
544,2413,1
956,2413,1
972,2413,1
1424,2413,1
1962,2413,1
513,2414,1
746,2414,1
812,2414,1
1225,2414,1
1373,2414,1
1902,2414,1
528,2415,1
932,2415,1
1070,2415,1
1185,2415,1
1547,2415,1
1690,2415,1
1861,2415,1
2123,2415,1
2207,2415,1
2299,2415,1
550,2416,1
729,2416,1
810,2416,1
998,2416,1
1105,2416,1
558,2417,1
2106,2417,1
581,2418,1
765,2418,1
1250,2418,1
1718,2418,1
1909,2418,1
590,2419,1
712,2419,1
984,2419,1
1378,2419,1
1558,2419,1
611,2420,1
1156,2420,1
1966,2420,1
2161,2420,1
623,2421,1
665,2421,1
673,2421,1
708,2421,1
710,2421,1
872,2421,1
1995,2421,1
2098,2421,1
663,2422,1
2104,2422,1
827,2423,1
1119,2423,1
1958,2423,1
869,2424,1
875,2425,1
1650,2425,1
944,2426,1
1062,2427,1
1071,2427,1
1153,2428,1
2090,2428,1
2185,2428,1
1316,2429,1
1584,2429,1
1384,2430,1
1475,2431,1
2085,2431,1
2262,2431,1
1754,2432,1
1845,2433,1
1941,2433,1
2256,2434,1
2435,2605,1
2436,2605,1
2437,2605,1
2438,2605,1
2439,2605,1
2440,2605,1
2441,2605,1
2442,2605,1
2443,2605,1
2444,2605,1
2445,2605,1
2446,2605,1
2447,2605,1
2448,2605,1
2449,2605,1
2450,2605,1
2451,2605,1
2452,2605,1
2453,2605,1
2454,2605,1
2455,2605,1
2456,2605,1
2457,2605,1
2458,2605,1
2459,2605,1
2460,2605,1
2461,2605,1
2462,2605,1
2463,2605,1
2464,2605,1
2465,2605,1
2466,2605,1
2467,2605,1
2468,2605,1
2469,2605,1
2470,2605,1
2471,2605,1
2472,2605,1
2473,2605,1
2474,2605,1
2475,2605,1
2476,2605,1
2477,2605,1
4,2435,1
396,2435,1
515,2435,1
668,2435,1
840,2435,1
1246,2435,1
1659,2435,1
1993,2435,1
2008,2435,1
5,2436,1
24,2436,1
34,2436,1
39,2436,1
62,2436,1
89,2436,1
90,2436,1
138,2436,1
146,2436,1
153,2436,1
162,2436,1
186,2436,1
196,2436,1
208,2436,1
231,2436,1
262,2436,1
268,2436,1
298,2436,1
319,2436,1
321,2436,1
345,2436,1
358,2436,1
360,2436,1
363,2436,1
388,2436,1
422,2436,1
432,2436,1
447,2436,1
453,2436,1
517,2436,1
533,2436,1
534,2436,1
571,2436,1
580,2436,1
640,2436,1
641,2436,1
659,2436,1
662,2436,1
670,2436,1
672,2436,1
675,2436,1
676,2436,1
684,2436,1
685,2436,1
701,2436,1
702,2436,1
733,2436,1
737,2436,1
750,2436,1
753,2436,1
768,2436,1
793,2436,1
815,2436,1
819,2436,1
822,2436,1
835,2436,1
880,2436,1
896,2436,1
902,2436,1
903,2436,1
916,2436,1
934,2436,1
935,2436,1
945,2436,1
968,2436,1
969,2436,1
976,2436,1
1004,2436,1
1021,2436,1
1037,2436,1
1074,2436,1
1113,2436,1
1114,2436,1
1157,2436,1
1176,2436,1
1189,2436,1
1220,2436,1
1221,2436,1
1222,2436,1
1233,2436,1
1257,2436,1
1261,2436,1
1268,2436,1
1269,2436,1
1280,2436,1
1289,2436,1
1301,2436,1
1325,2436,1
1329,2436,1
1335,2436,1
1345,2436,1
1370,2436,1
1388,2436,1
1391,2436,1
1410,2436,1
1414,2436,1
1439,2436,1
1445,2436,1
1452,2436,1
1465,2436,1
1485,2436,1
1501,2436,1
1504,2436,1
1516,2436,1
1521,2436,1
1531,2436,1
1536,2436,1
1555,2436,1
1563,2436,1
1579,2436,1
1588,2436,1
1625,2436,1
1631,2436,1
1702,2436,1
1731,2436,1
1788,2436,1
1790,2436,1
1852,2436,1
1855,2436,1
1873,2436,1
1892,2436,1
1904,2436,1
1910,2436,1
1912,2436,1
1927,2436,1
1932,2436,1
2028,2436,1
2049,2436,1
2139,2436,1
2184,2436,1
2191,2436,1
2213,2436,1
2233,2436,1
2236,2436,1
2272,2436,1
2280,2436,1
2293,2436,1
13,2437,1
82,2437,1
219,2437,1
373,2437,1
426,2437,1
988,2437,1
1237,2437,1
1417,2437,1
1497,2437,1
1569,2437,1
2015,2437,1
15,2438,1
283,2438,1
341,2438,1
711,2438,1
858,2438,1
1078,2438,1
1106,2438,1
1259,2438,1
1810,2438,1
2204,2438,1
2216,2438,1
2237,2438,1
129,2439,1
607,2439,1
1319,2439,1
132,2440,1
225,2440,1
410,2440,1
551,2440,1
645,2440,1
846,2440,1
915,2440,1
936,2440,1
1011,2440,1
1129,2440,1
1540,2440,1
1800,2440,1
2082,2440,1
2095,2440,1
139,2441,1
308,2441,1
148,2442,1
173,2442,1
279,2442,1
1328,2442,1
1443,2442,1
1635,2442,1
155,2443,1
593,2443,1
1633,2443,1
1937,2443,1
159,2444,1
216,2444,1
239,2444,1
1177,2444,1
1402,2444,1
1483,2444,1
1627,2444,1
1785,2444,1
1947,2444,1
1985,2444,1
189,2445,1
210,2446,1
1003,2446,1
1678,2446,1
223,2447,1
255,2448,1
910,2448,1
270,2449,1
682,2449,1
1194,2449,1
305,2450,1
1190,2450,1
310,2451,1
734,2451,1
1502,2451,1
1513,2451,1
1945,2451,1
2107,2451,1
2278,2451,1
314,2452,1
431,2452,1
461,2452,1
1121,2452,1
1126,2452,1
1359,2452,1
335,2453,1
355,2454,1
603,2454,1
619,2454,1
723,2454,1
1039,2454,1
1879,2454,1
2183,2454,1
454,2455,1
462,2456,1
1725,2456,1
522,2457,1
1538,2457,1
636,2458,1
1327,2458,1
1416,2458,1
644,2459,1
773,2459,1
801,2460,1
1122,2460,1
1752,2460,1
805,2461,1
2068,2461,1
823,2462,1
2088,2462,1
826,2463,1
913,2463,1
986,2463,1
1773,2463,1
2032,2463,1
849,2464,1
926,2464,1
1159,2464,1
1202,2464,1
1355,2464,1
1496,2464,1
2277,2464,1
853,2465,1
1541,2465,1
908,2466,1
1984,2466,1
917,2467,1
930,2467,1
1281,2467,1
1340,2467,1
1778,2467,1
1905,2467,1
2013,2467,1
2160,2467,1
982,2468,1
1049,2468,1
1073,2469,1
1762,2469,1
1775,2469,1
2230,2469,1
1401,2470,1
1542,2471,1
1612,2472,1
1704,2473,1
1743,2474,1
1822,2475,1
2026,2476,1
2173,2476,1
2140,2477,1
2478,2606,1
2479,2606,1
2480,2606,1
2481,2606,1
2482,2606,1
2483,2606,1
2484,2606,1
2485,2606,1
2486,2606,1
2487,2606,1
2488,2606,1
2489,2606,1
2490,2606,1
2491,2606,1
2492,2606,1
2493,2606,1
2494,2606,1
2495,2606,1
2496,2606,1
2497,2606,1
2498,2606,1
2499,2606,1
2500,2606,1
2501,2606,1
2502,2606,1
2503,2606,1
2504,2606,1
2505,2606,1
2506,2606,1
2507,2606,1
2508,2606,1
2509,2606,1
2510,2606,1
2511,2606,1
2512,2606,1
2513,2606,1
2514,2606,1
2515,2606,1
2516,2606,1
2517,2606,1
2518,2606,1
2519,2606,1
2520,2606,1
2521,2606,1
2522,2606,1
9,2478,1
10,2478,1
11,2478,1
16,2478,1
19,2478,1
25,2478,1
28,2478,1
37,2478,1
41,2478,1
61,2478,1
66,2478,1
88,2478,1
101,2478,1
102,2478,1
105,2478,1
109,2478,1
110,2478,1
137,2478,1
176,2478,1
188,2478,1
199,2478,1
201,2478,1
203,2478,1
212,2478,1
238,2478,1
240,2478,1
241,2478,1
246,2478,1
254,2478,1
265,2478,1
272,2478,1
273,2478,1
286,2478,1
303,2478,1
306,2478,1
311,2478,1
325,2478,1
327,2478,1
343,2478,1
347,2478,1
351,2478,1
364,2478,1
369,2478,1
372,2478,1
387,2478,1
408,2478,1
415,2478,1
430,2478,1
450,2478,1
452,2478,1
458,2478,1
465,2478,1
478,2478,1
484,2478,1
492,2478,1
498,2478,1
506,2478,1
510,2478,1
520,2478,1
523,2478,1
532,2478,1
535,2478,1
555,2478,1
562,2478,1
565,2478,1
585,2478,1
596,2478,1
604,2478,1
624,2478,1
630,2478,1
643,2478,1
649,2478,1
658,2478,1
667,2478,1
679,2478,1
686,2478,1
688,2478,1
689,2478,1
692,2478,1
693,2478,1
698,2478,1
752,2478,1
775,2478,1
777,2478,1
781,2478,1
786,2478,1
788,2478,1
797,2478,1
798,2478,1
802,2478,1
807,2478,1
830,2478,1
833,2478,1
862,2478,1
863,2478,1
877,2478,1
901,2478,1
904,2478,1
937,2478,1
951,2478,1
960,2478,1
978,2478,1
983,2478,1
991,2478,1
993,2478,1
1015,2478,1
1022,2478,1
1027,2478,1
1042,2478,1
1046,2478,1
1053,2478,1
1056,2478,1
1059,2478,1
1068,2478,1
1075,2478,1
1104,2478,1
1109,2478,1
1111,2478,1
1130,2478,1
1170,2478,1
1181,2478,1
1195,2478,1
1199,2478,1
1201,2478,1
1206,2478,1
1223,2478,1
1252,2478,1
1253,2478,1
1254,2478,1
1255,2478,1
1270,2478,1
1272,2478,1
1299,2478,1
1310,2478,1
1313,2478,1
1331,2478,1
1333,2478,1
1334,2478,1
1342,2478,1
1348,2478,1
1358,2478,1
1372,2478,1
1389,2478,1
1399,2478,1
1428,2478,1
1430,2478,1
1435,2478,1
1444,2478,1
1467,2478,1
1471,2478,1
1484,2478,1
1493,2478,1
1549,2478,1
1551,2478,1
1560,2478,1
1566,2478,1
1567,2478,1
1571,2478,1
1577,2478,1
1580,2478,1
1589,2478,1
1595,2478,1
1604,2478,1
1607,2478,1
1615,2478,1
1619,2478,1
1646,2478,1
1647,2478,1
1656,2478,1
1671,2478,1
1675,2478,1
1686,2478,1
1691,2478,1
1694,2478,1
1703,2478,1
1710,2478,1
1720,2478,1
1736,2478,1
1755,2478,1
1764,2478,1
1769,2478,1
1781,2478,1
1803,2478,1
1805,2478,1
1813,2478,1
1825,2478,1
1841,2478,1
1842,2478,1
1851,2478,1
1853,2478,1
1864,2478,1
1869,2478,1
1870,2478,1
1884,2478,1
1897,2478,1
1908,2478,1
1911,2478,1
1923,2478,1
1933,2478,1
1950,2478,1
1957,2478,1
1967,2478,1
1978,2478,1
1981,2478,1
1994,2478,1
1999,2478,1
2006,2478,1
2014,2478,1
2020,2478,1
2022,2478,1
2025,2478,1
2030,2478,1
2031,2478,1
2046,2478,1
2052,2478,1
2060,2478,1
2061,2478,1
2063,2478,1
2066,2478,1
2075,2478,1
2079,2478,1
2105,2478,1
2117,2478,1
2124,2478,1
2159,2478,1
2188,2478,1
2192,2478,1
2210,2478,1
2215,2478,1
2229,2478,1
2242,2478,1
2245,2478,1
2247,2478,1
2273,2478,1
2276,2478,1
2296,2478,1
2297,2478,1
2311,2478,1
2313,2478,1
31,2479,1
55,2480,1
257,2480,1
1178,2480,1
2094,2480,1
80,2481,1
481,2481,1
690,2481,1
1009,2481,1
1080,2481,1
1217,2481,1
1916,2481,1
2274,2481,1
112,2482,1
331,2482,1
883,2482,1
1425,2482,1
1989,2482,1
2074,2482,1
2252,2482,1
115,2483,1
145,2483,1
227,2483,1
1282,2483,1
1514,2483,1
116,2484,1
419,2484,1
606,2484,1
803,2484,1
1013,2484,1
1091,2484,1
1438,2484,1
1448,2484,1
1717,2484,1
1779,2484,1
1907,2484,1
1921,2484,1
1976,2484,1
2004,2484,1
2148,2484,1
2310,2484,1
118,2485,1
722,2485,1
1673,2485,1
1818,2485,1
124,2486,1
728,2486,1
1600,2486,1
1624,2486,1
1913,2486,1
140,2487,1
824,2487,1
959,2487,1
1263,2487,1
1470,2487,1
1835,2487,1
2145,2487,1
165,2488,1
900,2488,1
2253,2488,1
174,2489,1
190,2489,1
326,2489,1
433,2489,1
569,2489,1
578,2489,1
620,2489,1
648,2489,1
758,2489,1
829,2489,1
1134,2489,1
1411,2489,1
1680,2489,1
2234,2489,1
2306,2489,1
200,2490,1
401,2490,1
511,2490,1
1001,2490,1
213,2491,1
725,2491,1
1095,2491,1
2285,2491,1
232,2492,1
455,2492,1
592,2492,1
1349,2492,1
1700,2492,1
1891,2492,1
234,2493,1
362,2493,1
502,2493,1
909,2493,1
1008,2493,1
2076,2493,1
2137,2493,1
312,2494,1
509,2494,1
1213,2494,1
1332,2494,1
1458,2494,1
1829,2494,1
1846,2494,1
329,2495,1
446,2495,1
691,2495,1
1770,2495,1
353,2496,1
1030,2496,1
1363,2496,1
356,2497,1
661,2497,1
924,2497,1
1960,2497,1
359,2498,1
1782,2498,1
370,2499,1
516,2499,1
704,2499,1
1093,2499,1
1102,2499,1
1490,2499,1
1613,2499,1
1639,2499,1
2035,2499,1
2307,2499,1
375,2500,1
616,2500,1
851,2500,1
1211,2500,1
1386,2500,1
2141,2500,1
381,2501,1
434,2501,1
890,2501,1
1045,2501,1
1564,2501,1
2193,2501,1
2196,2501,1
404,2502,1
2165,2502,1
407,2503,1
564,2503,1
703,2503,1
1141,2503,1
1357,2503,1
1397,2503,1
1421,2503,1
1450,2503,1
1481,2503,1
1581,2503,1
1616,2503,1
1920,2503,1
2144,2503,1
2199,2503,1
441,2504,1
1010,2504,1
1072,2504,1
1242,2504,1
1260,2504,1
460,2505,1
538,2505,1
787,2505,1
1964,2505,1
2083,2505,1
472,2506,1
736,2506,1
928,2506,1
1131,2506,1
1140,2506,1
1175,2506,1
1360,2506,1
1887,2506,1
1901,2506,1
491,2507,1
683,2507,1
505,2508,1
546,2509,1
1186,2509,1
1685,2509,1
554,2510,1
559,2510,1
923,2510,1
1276,2510,1
718,2511,1
1161,2511,1
1823,2511,1
794,2512,1
860,2513,1
1086,2514,1
1834,2514,1
1247,2515,1
2059,2515,1
1324,2516,1
1406,2516,1
1374,2517,1
1919,2517,1
1393,2518,1
1488,2518,1
1543,2519,1
2000,2520,1
2133,2521,1
2211,2522,1
2523,2607,1
2524,2607,1
2525,2607,1
2526,2607,1
2527,2607,1
2528,2607,1
2529,2607,1
2530,2607,1
2531,2607,1
2532,2607,1
2533,2607,1
2534,2607,1
2535,2607,1
2536,2607,1
2537,2607,1
2538,2607,1
2539,2607,1
2540,2607,1
2541,2607,1
2542,2607,1
2543,2607,1
2544,2607,1
2545,2607,1
2546,2607,1
2547,2607,1
2548,2607,1
2549,2607,1
22,2523,1
23,2523,1
26,2523,1
53,2523,1
93,2523,1
97,2523,1
99,2523,1
113,2523,1
125,2523,1
169,2523,1
180,2523,1
198,2523,1
206,2523,1
224,2523,1
229,2523,1
252,2523,1
260,2523,1
275,2523,1
285,2523,1
291,2523,1
295,2523,1
352,2523,1
368,2523,1
411,2523,1
440,2523,1
443,2523,1
464,2523,1
471,2523,1
477,2523,1
490,2523,1
526,2523,1
529,2523,1
536,2523,1
542,2523,1
545,2523,1
608,2523,1
614,2523,1
699,2523,1
706,2523,1
707,2523,1
727,2523,1
739,2523,1
766,2523,1
770,2523,1
779,2523,1
780,2523,1
789,2523,1
796,2523,1
887,2523,1
897,2523,1
938,2523,1
941,2523,1
943,2523,1
955,2523,1
966,2523,1
971,2523,1
994,2523,1
1000,2523,1
1002,2523,1
1007,2523,1
1012,2523,1
1014,2523,1
1032,2523,1
1061,2523,1
1138,2523,1
1146,2523,1
1174,2523,1
1218,2523,1
1262,2523,1
1292,2523,1
1295,2523,1
1303,2523,1
1318,2523,1
1408,2523,1
1420,2523,1
1422,2523,1
1427,2523,1
1455,2523,1
1456,2523,1
1457,2523,1
1474,2523,1
1482,2523,1
1495,2523,1
1505,2523,1
1512,2523,1
1517,2523,1
1519,2523,1
1527,2523,1
1570,2523,1
1606,2523,1
1628,2523,1
1632,2523,1
1642,2523,1
1658,2523,1
1674,2523,1
1681,2523,1
1693,2523,1
1742,2523,1
1750,2523,1
1763,2523,1
1765,2523,1
1812,2523,1
1872,2523,1
1878,2523,1
1885,2523,1
1888,2523,1
1894,2523,1
1924,2523,1
1925,2523,1
1930,2523,1
1936,2523,1
1942,2523,1
1943,2523,1
1956,2523,1
1961,2523,1
1974,2523,1
1977,2523,1
1983,2523,1
1990,2523,1
1997,2523,1
1998,2523,1
2001,2523,1
2011,2523,1
2023,2523,1
2040,2523,1
2051,2523,1
2067,2523,1
2069,2523,1
2073,2523,1
2086,2523,1
2087,2523,1
2091,2523,1
2111,2523,1
2113,2523,1
2135,2523,1
2142,2523,1
2164,2523,1
2170,2523,1
2172,2523,1
2182,2523,1
2195,2523,1
2203,2523,1
2206,2523,1
2208,2523,1
2212,2523,1
2217,2523,1
2225,2523,1
2227,2523,1
2239,2523,1
2251,2523,1
2270,2523,1
2283,2523,1
2287,2523,1
2301,2523,1
59,2524,1
104,2525,1
128,2526,1
164,2527,1
605,2527,1
185,2528,1
1090,2528,1
1412,2528,1
247,2529,1
1364,2529,1
324,2530,1
638,2530,1
1946,2530,1
2149,2530,1
2162,2530,1
493,2531,1
537,2532,1
541,2533,1
1714,2533,1
615,2534,1
742,2535,1
761,2536,1
825,2537,1
2147,2537,1
866,2538,1
1136,2538,1
1661,2538,1
2037,2538,1
885,2539,1
1139,2540,1
1207,2541,1
1684,2541,1
1464,2542,1
1520,2543,1
1771,2544,1
2039,2544,1
1804,2545,1
1898,2545,1
1809,2546,1
1816,2547,1
1868,2548,1
2122,2549,1
2550,2608,1
2551,2608,1
2552,2608,1
2553,2608,1
2554,2608,1
2555,2608,1
2556,2608,1
2557,2608,1
2558,2608,1
2559,2608,1
2560,2608,1
2561,2608,1
2562,2608,1
2563,2608,1
2564,2608,1
2565,2608,1
2566,2608,1
2567,2608,1
2568,2608,1
2569,2608,1
2570,2608,1
2571,2608,1
2572,2608,1
2573,2608,1
2574,2608,1
2575,2608,1
72,2550,1
609,2550,1
1886,2550,1
77,2551,1
2202,2551,1
2268,2551,1
92,2552,1
108,2553,1
133,2554,1
151,2554,1
183,2554,1
193,2554,1
207,2554,1
290,2554,1
293,2554,1
294,2554,1
296,2554,1
391,2554,1
427,2554,1
456,2554,1
475,2554,1
527,2554,1
563,2554,1
594,2554,1
617,2554,1
651,2554,1
666,2554,1
669,2554,1
719,2554,1
774,2554,1
784,2554,1
927,2554,1
990,2554,1
1040,2554,1
1098,2554,1
1107,2554,1
1149,2554,1
1163,2554,1
1278,2554,1
1323,2554,1
1354,2554,1
1557,2554,1
1630,2554,1
1669,2554,1
1708,2554,1
1832,2554,1
1969,2554,1
1991,2554,1
2016,2554,1
2034,2554,1
2043,2554,1
2058,2554,1
2110,2554,1
2128,2554,1
2136,2554,1
2151,2554,1
2158,2554,1
2171,2554,1
2181,2554,1
2223,2554,1
2258,2554,1
2263,2554,1
2267,2554,1
2271,2554,1
2289,2554,1
168,2555,1
2048,2555,1
256,2556,1
412,2557,1
539,2557,1
635,2557,1
1511,2557,1
1602,2557,1
466,2558,1
469,2558,1
524,2558,1
572,2558,1
1926,2558,1
503,2559,1
543,2560,1
1166,2560,1
1463,2560,1
556,2561,1
568,2562,1
1466,2562,1
1749,2562,1
601,2563,1
809,2564,1
1048,2564,1
845,2565,1
2300,2565,1
961,2566,1
1882,2566,1
1154,2567,1
1550,2568,1
1578,2569,1
1688,2569,1
2099,2569,1
2180,2569,1
1610,2570,1
1741,2570,1
1789,2570,1
1828,2570,1
1644,2571,1
1689,2571,1
1751,2572,1
2190,2572,1
1776,2573,1
1877,2574,1
2220,2575,1
2290,2575,1
2576,2609,1
83,2576,1
2577,2610,1
2578,2610,1
2579,2610,1
2580,2610,1
2581,2610,1
131,2577,1
1041,2578,1
1088,2579,1
1230,2580,1
1368,2580,1
1390,2580,1
1655,2580,1
1699,2580,1
1767,2580,1
1857,2580,1
2096,2581,1
2582,2611,1
2583,2611,1
2584,2611,1
2585,2611,1
2586,2611,1
2587,2611,1
2588,2611,1
2589,2611,1
2590,2611,1
202,2582,1
205,2582,1
248,2582,1
912,2582,1
985,2582,1
1265,2582,1
1361,2582,1
1479,2582,1
2018,2582,1
2055,2582,1
2291,2582,1
236,2583,1
716,2583,1
2093,2583,1
566,2584,1
597,2585,1
731,2586,1
1530,2587,1
1645,2588,1
1838,2589,1
2033,2590,1
2591,2612,1
287,2591,1
1423,2591,1
2592,2613,1
2593,2613,1
2594,2613,1
720,2592,1
847,2593,1
2132,2594,1
2595,2614,1
769,2595,1
2596,2615,1
2597,2615,1
2598,2615,1
2599,2615,1
820,2596,1
1116,2597,1
1120,2598,1
1224,2598,1
1525,2599,1
2600,2616,1
1017,2600,1
2601,2617,1
1060,2601,1
